date,covidOccupiedMVBeds,hospitalCases,VaccineRegisterPopulationByVaccinationDate,newCasesBySpecimenDate,newDeaths28DaysByDeathDateRate,newDeaths60DaysByDeathDate,newVirusTestsBySpecimenDate
2020-03-20,0.0,1580.0,0.0,1215.0,51.7,102.0,8463.0
2020-03-21,0.0,2152.0,0.0,1162.0,56.2,112.0,8442.0
2020-03-22,0.0,2670.0,0.0,1348.0,82.9,153.0,7087.0
2020-03-23,0.0,3183.0,0.0,2263.0,93.4,171.0,11075.0
2020-03-24,0.0,3598.0,0.0,2318.0,116.6,215.0,11255.0
2020-03-25,0.0,4402.0,0.0,2615.0,148.7,277.0,11565.0
2020-03-26,0.0,5226.0,0.0,2977.0,183.0,335.0,13111.0
2020-03-27,0.0,6458.0,0.0,3044.0,186.0,371.0,12767.0
2020-03-28,0.0,7265.0,0.0,2759.0,208.0,381.0,10290.0
2020-03-29,0.0,8420.0,0.0,2799.0,239.0,457.0,9740.0
2020-03-30,0.0,9848.0,0.0,4136.0,290.1,535.0,14557.0
2020-03-31,0.0,11149.0,0.0,4355.0,340.5,599.0,15999.0
2020-04-01,0.0,12053.0,0.0,4795.0,387.7,693.0,16209.0
2020-04-02,1486.0,12103.0,0.0,4693.0,412.9,727.0,16555.0
2020-04-03,1788.0,13582.0,0.0,4682.0,432.7,737.0,16739.0
2020-04-04,1950.0,15398.0,0.0,3866.0,438.7,828.0,13660.0
2020-04-05,2097.0,16583.0,0.0,3493.0,463.7,823.0,11177.0
2020-04-06,2263.0,17079.0,0.0,5032.0,444.8,796.0,17437.0
2020-04-07,2467.0,17709.0,0.0,5189.0,499.1,905.0,17828.0
2020-04-08,2561.0,18023.0,0.0,4905.0,531.4,970.0,17043.0
2020-04-09,2546.0,18284.0,0.0,4670.0,505.1,863.0,16880.0
2020-04-10,2820.0,18507.0,0.0,4144.0,468.8,848.0,14162.0
2020-04-11,2865.0,18435.0,0.0,3394.0,498.8,856.0,12287.0
2020-04-12,2881.0,18801.0,0.0,3366.0,485.7,850.0,11690.0
2020-04-13,2872.0,18438.0,0.0,3998.0,452.2,793.0,14641.0
2020-04-14,2849.0,18325.0,0.0,4107.0,428.7,756.0,16260.0
2020-04-15,2846.0,17700.0,0.0,4743.0,441.3,778.0,18542.0
2020-04-16,2835.0,17540.0,0.0,4962.0,425.1,750.0,18805.0
2020-04-17,2780.0,16477.0,0.0,4676.0,417.1,740.0,19242.0
2020-04-18,2868.0,16617.0,0.0,4356.0,398.5,713.0,14036.0
2020-04-19,2820.0,16678.0,0.0,3595.0,394.1,688.0,11413.0
2020-04-20,2780.0,16368.0,0.0,4181.0,407.1,694.0,19581.0
2020-04-21,2701.0,16234.0,0.0,4563.0,376.1,650.0,19426.0
2020-04-22,2646.0,15736.0,0.0,5335.0,376.1,649.0,18821.0
2020-04-23,2563.0,15133.0,0.0,4991.0,365.6,611.0,20064.0
2020-04-24,2414.0,14407.0,0.0,4755.0,365.3,626.0,23607.0
2020-04-25,2405.0,13951.0,0.0,3612.0,350.6,571.0,14866.0
2020-04-26,2309.0,13911.0,0.0,3320.0,342.6,573.0,12476.0
2020-04-27,2192.0,14018.0,0.0,4621.0,310.3,523.0,22225.0
2020-04-28,2091.0,13331.0,0.0,4510.0,298.6,528.0,46109.0
2020-04-29,2044.0,12958.0,0.0,5304.0,298.6,522.0,63403.0
2020-04-30,1991.0,12636.0,0.0,4867.0,298.5,509.0,68376.0
2020-05-01,1954.0,12330.0,0.0,4648.0,297.9,505.0,61706.0
2020-05-02,1844.0,12023.0,0.0,3157.0,262.8,457.0,51435.0
2020-05-03,1795.0,11826.0,0.0,2882.0,249.5,423.0,52146.0
2020-05-04,1724.0,11722.0,0.0,3312.0,250.8,446.0,69968.0
2020-05-05,1662.0,11454.0,0.0,3587.0,256.0,434.0,58004.0
2020-05-06,1610.0,10927.0,0.0,3740.0,242.6,432.0,51956.0
2020-05-07,1493.0,10397.0,0.0,3684.0,244.9,437.0,65550.0
2020-05-08,1445.0,9937.0,0.0,3008.0,194.5,377.0,56310.0
2020-05-09,1398.0,9869.0,0.0,2127.0,208.1,371.0,52603.0
2020-05-10,1362.0,9592.0,0.0,2296.0,185.5,352.0,51364.0
2020-05-11,1313.0,9808.0,0.0,3532.0,166.5,313.0,64397.0
2020-05-12,1245.0,9502.0,0.0,3322.0,176.4,322.0,63161.0
2020-05-13,1194.0,9290.0,0.0,3229.0,167.9,309.0,68512.0
2020-05-14,1158.0,8919.0,0.0,2578.0,183.8,330.0,64034.0
2020-05-15,1198.0,8744.0,0.0,2480.0,161.2,314.0,92006.0
2020-05-16,1100.0,8332.0,0.0,2058.0,170.8,313.0,55909.0
2020-05-17,1064.0,8300.0,0.0,1809.0,145.9,277.0,59702.0
2020-05-18,1008.0,8349.0,0.0,2528.0,155.6,315.0,57632.0
2020-05-19,975.0,8181.0,0.0,2990.0,151.8,270.0,74945.0
2020-05-20,920.0,7792.0,0.0,2670.0,152.5,288.0,66778.0
2020-05-21,889.0,7582.0,0.0,2527.0,125.8,253.0,73540.0
2020-05-22,848.0,7450.0,0.0,2032.0,125.0,245.0,65298.0
2020-05-23,812.0,7124.0,0.0,1513.0,131.8,253.0,52852.0
2020-05-24,783.0,7122.0,0.0,1352.0,102.7,203.0,45426.0
2020-05-25,765.0,7166.0,0.0,1599.0,106.0,233.0,50940.0
2020-05-26,750.0,7019.0,0.0,2023.0,122.4,255.0,53836.0
2020-05-27,693.0,6710.0,0.0,1808.0,116.7,220.0,53632.0
2020-05-28,660.0,6411.0,0.0,1732.0,115.9,233.0,65533.0
2020-05-29,629.0,6135.0,0.0,1508.0,100.2,218.0,69993.0
2020-05-30,626.0,5860.0,0.0,1104.0,87.9,191.0,61155.0
2020-05-31,602.0,5833.0,0.0,1072.0,67.1,172.0,51099.0
2020-06-01,577.0,5862.0,0.0,1412.0,74.9,182.0,57441.0
2020-06-02,546.0,5718.0,0.0,1471.0,95.3,206.0,68698.0
2020-06-03,521.0,5513.0,0.0,1332.0,86.2,173.0,74070.0
2020-06-04,494.0,5297.0,0.0,1235.0,71.9,165.0,70811.0
2020-06-05,480.0,5149.0,0.0,1106.0,65.3,166.0,76330.0
2020-06-06,471.0,4931.0,0.0,797.0,58.2,149.0,63998.0
2020-06-07,446.0,4752.0,0.0,713.0,62.9,153.0,59321.0
2020-06-08,436.0,4760.0,0.0,1082.0,65.2,152.0,59593.0
2020-06-09,422.0,4595.0,0.0,1142.0,51.2,149.0,72439.0
2020-06-10,382.0,4374.0,0.0,1179.0,57.6,143.0,73957.0
2020-06-11,334.0,4122.0,0.0,999.0,41.0,115.0,72588.0
2020-06-12,336.0,4084.0,0.0,1050.0,45.5,125.0,74854.0
2020-06-13,339.0,3946.0,0.0,876.0,32.800000000000004,93.0,66266.0
2020-06-14,343.0,3923.0,0.0,816.0,48.9,126.0,48602.0
2020-06-15,326.0,3870.0,0.0,1030.0,36.4,108.0,63265.0
2020-06-16,327.0,3889.0,0.0,1088.0,42.6,107.0,63800.0
2020-06-17,300.0,3776.0,0.0,996.0,33.8,94.0,63367.0
2020-06-18,299.0,3633.0,0.0,1006.0,34.9,93.0,64171.0
2020-06-19,283.0,3531.0,0.0,973.0,30.5,83.0,67610.0
2020-06-20,297.0,3381.0,0.0,680.0,32.0,89.0,53461.0
2020-06-21,265.0,3331.0,0.0,627.0,27.9,76.0,41500.0
2020-06-22,296.0,3373.0,0.0,881.0,36.2,92.0,52020.0
2020-06-23,266.0,3244.0,0.0,860.0,35.4,107.0,65300.0
2020-06-24,264.0,3156.0,0.0,762.0,41.2,100.0,63745.0
2020-06-25,236.0,3027.0,0.0,710.0,35.6,109.0,62642.0
2020-06-26,226.0,2817.0,0.0,659.0,23.0,91.0,64459.0
2020-06-27,233.0,2779.0,0.0,648.0,23.3,69.0,56637.0
2020-06-28,236.0,2779.0,0.0,443.0,25.0,83.0,46913.0
2020-06-29,228.0,2989.0,0.0,716.0,21.4,66.0,60064.0
2020-06-30,238.0,2633.0,0.0,613.0,27.0,76.0,78092.0
2020-07-01,220.0,2479.0,0.0,648.0,13.3,46.0,83253.0
2020-07-02,211.0,2380.0,0.0,593.0,21.5,64.0,82700.0
2020-07-03,202.0,2265.0,0.0,561.0,15.2,52.0,90283.0
2020-07-04,186.0,2119.0,0.0,395.0,21.400000000000002,61.0,70690.0
2020-07-05,190.0,2085.0,0.0,551.0,14.3,48.0,54549.0
2020-07-06,188.0,2073.0,0.0,691.0,18.5,59.0,61179.0
2020-07-07,178.0,1978.0,0.0,595.0,15.9,51.0,84609.0
2020-07-08,164.0,1857.0,0.0,686.0,11.3,48.0,94181.0
2020-07-09,167.0,1768.0,0.0,707.0,21.6,65.0,103065.0
2020-07-10,162.0,1722.0,0.0,555.0,13.8,39.0,113111.0
2020-07-11,152.0,1616.0,0.0,435.0,13.3,45.0,90003.0
2020-07-12,139.0,1587.0,0.0,366.0,7.6000000000000005,31.0,70191.0
2020-07-13,138.0,1589.0,0.0,711.0,12.0,45.0,74318.0
2020-07-14,123.0,1496.0,0.0,677.0,12.4,38.0,94714.0
2020-07-15,136.0,1466.0,0.0,763.0,12.9,47.0,106921.0
2020-07-16,118.0,1326.0,0.0,695.0,9.8,27.0,126841.0
2020-07-17,122.0,1329.0,0.0,570.0,9.5,41.0,131848.0
2020-07-18,118.0,1306.0,0.0,495.0,8.9,33.0,107230.0
2020-07-19,119.0,1285.0,0.0,437.0,9.2,28.0,78760.0
2020-07-20,112.0,1263.0,0.0,803.0,8.0,37.0,76848.0
2020-07-21,106.0,1173.0,0.0,769.0,10.8,34.0,101017.0
2020-07-22,97.0,1290.0,0.0,781.0,8.6,38.0,97505.0
2020-07-23,101.0,1090.0,0.0,780.0,8.6,32.0,106270.0
2020-07-24,92.0,1001.0,0.0,752.0,4.2,16.0,124628.0
2020-07-25,82.0,961.0,0.0,519.0,6.1000000000000005,26.0,105688.0
2020-07-26,81.0,951.0,0.0,549.0,8.0,30.0,81282.0
2020-07-27,83.0,929.0,0.0,844.0,5.8,21.0,82175.0
2020-07-28,78.0,929.0,0.0,833.0,5.9,27.0,110647.0
2020-07-29,72.0,913.0,0.0,1031.0,5.7,22.0,112631.0
2020-07-30,70.0,895.0,0.0,913.0,3.4,14.0,121200.0
2020-07-31,71.0,867.0,0.0,670.0,5.3,31.0,124339.0
2020-08-01,74.0,865.0,0.0,538.0,3.8,18.0,103339.0
2020-08-02,72.0,833.0,0.0,548.0,5.0,19.0,101139.0
2020-08-03,67.0,828.0,0.0,1030.0,8.5,19.0,117608.0
2020-08-04,65.0,793.0,0.0,1009.0,3.9,23.0,122685.0
2020-08-05,63.0,788.0,0.0,1045.0,1.7,12.0,121866.0
2020-08-06,61.0,741.0,0.0,1062.0,4.3,20.0,126485.0
2020-08-07,57.0,696.0,0.0,934.0,2.0999999999999996,20.0,127911.0
2020-08-08,55.0,635.0,0.0,692.0,7.4,23.0,111409.0
2020-08-09,56.0,596.0,0.0,611.0,4.9,18.0,118154.0
2020-08-10,60.0,699.0,0.0,1446.0,7.1,21.0,126349.0
2020-08-11,63.0,658.0,0.0,1322.0,8.2,25.0,130627.0
2020-08-12,68.0,629.0,0.0,1199.0,3.8,21.0,133681.0
2020-08-13,64.0,639.0,0.0,1129.0,4.0,15.0,124803.0
2020-08-14,63.0,629.0,0.0,1149.0,4.9,18.0,142211.0
2020-08-15,68.0,617.0,0.0,687.0,6.2,23.0,137482.0
2020-08-16,69.0,621.0,0.0,593.0,1.7999999999999998,13.0,132459.0
2020-08-17,67.0,613.0,0.0,1264.0,7.1,23.0,127422.0
2020-08-18,64.0,584.0,0.0,1064.0,3.8,12.0,126983.0
2020-08-19,63.0,557.0,0.0,1222.0,0.7,7.0,150368.0
2020-08-20,64.0,549.0,0.0,1434.0,4.0,15.0,151539.0
2020-08-21,64.0,515.0,0.0,1179.0,2.6,11.0,157855.0
2020-08-22,66.0,581.0,0.0,812.0,3.8000000000000003,13.0,137001.0
2020-08-23,65.0,509.0,0.0,811.0,6.4,17.0,131099.0
2020-08-24,62.0,509.0,0.0,1248.0,2.4,10.0,166204.0
2020-08-25,62.0,487.0,0.0,1201.0,6.8,17.0,148248.0
2020-08-26,55.0,472.0,0.0,1328.0,5.6,19.0,152316.0
2020-08-27,62.0,479.0,0.0,1523.0,5.1000000000000005,14.0,153501.0
2020-08-28,52.0,456.0,0.0,1582.0,4.8,10.0,144010.0
2020-08-29,56.0,476.0,0.0,1198.0,3.2,12.0,124793.0
2020-08-30,52.0,477.0,0.0,1149.0,2.0,8.0,130381.0
2020-08-31,54.0,493.0,0.0,1489.0,4.7,17.0,133746.0
2020-09-01,59.0,494.0,0.0,2215.0,2.4,13.0,160905.0
2020-09-02,59.0,449.0,0.0,2964.0,3.4,15.0,169010.0
2020-09-03,58.0,466.0,0.0,3064.0,4.5,12.0,151438.0
2020-09-04,54.0,473.0,0.0,2994.0,5.4,14.0,167778.0
2020-09-05,50.0,469.0,0.0,2515.0,7.2,20.0,130233.0
2020-09-06,52.0,480.0,0.0,2412.0,3.9000000000000004,14.0,146319.0
2020-09-07,62.0,551.0,0.0,3825.0,7.2,21.0,180196.0
2020-09-08,64.0,532.0,0.0,3267.0,3.9,19.0,182984.0
2020-09-09,64.0,554.0,0.0,3293.0,2.9000000000000004,16.0,187386.0
2020-09-10,62.0,569.0,0.0,3529.0,5.5,18.0,196667.0
2020-09-11,129.0,618.0,0.0,3172.0,4.7,15.0,206128.0
2020-09-12,70.0,660.0,0.0,2606.0,11.0,26.0,176471.0
2020-09-13,74.0,687.0,0.0,2093.0,8.6,19.0,171869.0
2020-09-14,88.0,808.0,0.0,3290.0,9.7,18.0,214199.0
2020-09-15,101.0,886.0,0.0,3453.0,9.3,20.0,216359.0
2020-09-16,107.0,924.0,0.0,4264.0,13.4,28.0,216373.0
2020-09-17,108.0,979.0,0.0,4508.0,10.1,32.0,195468.0
2020-09-18,115.0,1015.0,0.0,4831.0,10.7,24.0,219554.0
2020-09-19,123.0,1076.0,0.0,4769.0,12.1,24.0,199386.0
2020-09-20,142.0,1170.0,0.0,5244.0,11.0,33.0,180332.0
2020-09-21,154.0,1295.0,0.0,5496.0,14.0,30.0,201955.0
2020-09-22,179.0,1374.0,0.0,6278.0,17.1,38.0,210622.0
2020-09-23,192.0,1436.0,0.0,6917.0,22.4,55.0,212003.0
2020-09-24,209.0,1543.0,0.0,7479.0,17.8,36.0,213130.0
2020-09-25,227.0,1682.0,0.0,7067.0,15.4,35.0,225492.0
2020-09-26,223.0,1686.0,0.0,6622.0,20.7,38.0,189515.0
2020-09-27,233.0,1790.0,0.0,6856.0,20.0,49.0,187605.0
2020-09-28,245.0,1950.0,0.0,9703.0,28.2,49.0,211612.0
2020-09-29,259.0,1950.0,0.0,10045.0,23.5,44.0,205579.0
2020-09-30,282.0,2027.0,0.0,12244.0,25.0,51.0,210792.0
2020-10-01,285.0,2060.0,0.0,12910.0,28.2,60.0,210710.0
2020-10-02,311.0,2171.0,0.0,13395.0,30.4,67.0,215533.0
2020-10-03,307.0,2281.0,0.0,11299.0,27.599999999999998,61.0,209468.0
2020-10-04,310.0,2426.0,0.0,11617.0,28.1,57.0,188730.0
2020-10-05,331.0,2696.0,0.0,16265.0,27.5,63.0,238003.0
2020-10-06,349.0,2893.0,0.0,16803.0,34.7,68.0,217941.0
2020-10-07,376.0,3057.0,0.0,17964.0,42.7,89.0,226505.0
2020-10-08,368.0,3165.0,0.0,17934.0,39.7,80.0,223174.0
2020-10-09,367.0,3226.0,0.0,15428.0,32.7,78.0,245476.0
2020-10-10,396.0,3359.0,0.0,12314.0,48.8,90.0,206721.0
2020-10-11,401.0,3594.0,0.0,11870.0,64.1,109.0,206583.0
2020-10-12,426.0,3818.0,0.0,19125.0,58.7,98.0,237721.0
2020-10-13,441.0,4056.0,0.0,18614.0,47.6,93.0,228322.0
2020-10-14,468.0,4303.0,0.0,19372.0,51.6,105.0,249444.0
2020-10-15,482.0,4558.0,0.0,18105.0,75.1,131.0,257928.0
2020-10-16,482.0,4845.0,0.0,17418.0,68.7,127.0,288867.0
2020-10-17,495.0,5018.0,0.0,14549.0,91.9,169.0,243716.0
2020-10-18,504.0,5187.0,0.0,14001.0,69.7,124.0,248236.0
2020-10-19,529.0,5628.0,0.0,25242.0,86.2,159.0,250332.0
2020-10-20,560.0,6055.0,0.0,24971.0,98.0,184.0,254198.0
2020-10-21,572.0,6254.0,0.0,25069.0,105.6,200.0,258518.0
2020-10-22,564.0,6327.0,0.0,22948.0,107.2,197.0,285113.0
2020-10-23,602.0,6813.0,0.0,21175.0,107.8,192.0,281758.0
2020-10-24,632.0,7147.0,0.0,16040.0,99.4,183.0,233283.0
2020-10-25,663.0,7577.0,0.0,15554.0,124.3,213.0,244246.0
2020-10-26,682.0,7827.0,0.0,26245.0,130.7,227.0,231006.0
2020-10-27,743.0,8561.0,0.0,23800.0,123.8,225.0,236026.0
2020-10-28,788.0,9027.0,0.0,23360.0,145.5,243.0,254449.0
2020-10-29,803.0,9079.0,0.0,23044.0,148.4,263.0,306677.0
2020-10-30,801.0,9244.0,0.0,22438.0,165.2,294.0,286949.0
2020-10-31,816.0,9658.0,0.0,16339.0,157.9,292.0,255345.0
2020-11-01,804.0,9564.0,0.0,15595.0,168.0,296.0,239489.0
2020-11-02,883.0,10330.0,0.0,31234.0,157.8,299.0,256725.0
2020-11-03,954.0,10902.0,0.0,25328.0,156.2,301.0,268983.0
2020-11-04,997.0,10965.0,0.0,23412.0,159.8,289.0,258548.0
2020-11-05,986.0,10921.0,0.0,23457.0,184.8,323.0,291084.0
2020-11-06,984.0,11107.0,0.0,23070.0,192.8,351.0,314138.0
2020-11-07,1003.0,11432.0,0.0,18365.0,190.3,359.0,294642.0
2020-11-08,1017.0,11595.0,0.0,19827.0,201.7,350.0,243264.0
2020-11-09,1048.0,12174.0,0.0,30798.0,248.5,428.0,238523.0
2020-11-10,1010.0,11947.0,0.0,27142.0,197.2,336.0,267758.0
2020-11-11,1081.0,12651.0,0.0,27097.0,182.7,331.0,314802.0
2020-11-12,1088.0,12891.0,0.0,24265.0,209.3,370.0,316364.0
2020-11-13,1158.0,13251.0,0.0,23828.0,217.1,372.0,333350.0
2020-11-14,1162.0,13326.0,0.0,17869.0,230.5,386.0,291809.0
2020-11-15,1194.0,13805.0,0.0,15915.0,238.2,397.0,238817.0
2020-11-16,1198.0,14230.0,0.0,26355.0,219.6,384.0,227448.0
2020-11-17,1228.0,14324.0,0.0,22910.0,234.9,395.0,259137.0
2020-11-18,1242.0,14415.0,0.0,20538.0,261.0,462.0,284137.0
2020-11-19,1241.0,14385.0,0.0,17601.0,238.4,425.0,313045.0
2020-11-20,1241.0,14133.0,0.0,16704.0,234.3,425.0,344193.0
2020-11-21,1248.0,14025.0,0.0,12241.0,234.2,422.0,295471.0
2020-11-22,1259.0,14251.0,0.0,11654.0,249.8,440.0,212780.0
2020-11-23,1299.0,14591.0,0.0,18605.0,248.2,436.0,213833.0
2020-11-24,1306.0,14381.0,0.0,16296.0,249.0,440.0,256631.0
2020-11-25,1300.0,14107.0,0.0,16457.0,263.3,471.0,296650.0
2020-11-26,1264.0,13796.0,0.0,14411.0,221.7,422.0,310943.0
2020-11-27,1242.0,13636.0,0.0,14185.0,231.0,411.0,292408.0
2020-11-28,1204.0,13091.0,0.0,10866.0,249.1,421.0,251638.0
2020-11-29,1214.0,13401.0,0.0,10589.0,245.8,450.0,200304.0
2020-11-30,1185.0,13636.0,0.0,17827.0,228.1,413.0,222266.0
2020-12-01,1182.0,13370.0,0.0,16278.0,223.8,398.0,273886.0
2020-12-02,1149.0,13082.0,0.0,16309.0,202.7,391.0,289907.0
2020-12-03,1094.0,12757.0,0.0,15456.0,238.6,447.0,323132.0
2020-12-04,1113.0,12850.0,0.0,15485.0,249.4,463.0,321250.0
2020-12-05,1086.0,12844.0,0.0,12596.0,221.1,393.0,292007.0
2020-12-06,1087.0,13054.0,0.0,13487.0,220.8,408.0,229945.0
2020-12-07,1109.0,13472.0,0.0,21095.0,227.6,403.0,222624.0
2020-12-08,1118.0,13488.0,55802065.0,20523.0,234.5,427.0,267758.0
2020-12-09,1094.0,13322.0,58003576.0,21373.0,236.2,419.0,301719.0
2020-12-10,1110.0,13644.0,58254606.0,22334.0,242.8,443.0,337317.0
2020-12-11,1117.0,13751.0,58254606.0,23830.0,255.4,460.0,341812.0
2020-12-12,1087.0,13733.0,58254606.0,19161.0,240.8,448.0,290504.0
2020-12-13,1123.0,14328.0,58254606.0,21802.0,242.6,441.0,254690.0
2020-12-14,1127.0,14898.0,58254606.0,34346.0,271.4,471.0,280827.0
2020-12-15,1159.0,14886.0,58254606.0,33504.0,242.4,444.0,263258.0
2020-12-16,1163.0,15337.0,58254606.0,34520.0,251.9,417.0,310080.0
2020-12-17,1188.0,15614.0,58254606.0,33546.0,288.1,510.0,328131.0
2020-12-18,1190.0,15745.0,58254606.0,35404.0,274.6,520.0,358683.0
2020-12-19,1239.0,16064.0,58254606.0,24789.0,271.5,485.0,385667.0
2020-12-20,1267.0,16524.0,58254606.0,32177.0,281.3,501.0,359262.0
2020-12-21,1327.0,17580.0,58254606.0,46796.0,345.5,572.0,408399.0
2020-12-22,1339.0,17942.0,58254606.0,45128.0,313.9,578.0,426882.0
2020-12-23,1374.0,17709.0,58254606.0,41633.0,328.1,559.0,443236.0
2020-12-24,1427.0,18100.0,58254606.0,31461.0,329.0,553.0,412433.0
2020-12-25,1437.0,17575.0,58254606.0,14067.0,350.9,611.0,285817.0
2020-12-26,1498.0,18220.0,58254606.0,40066.0,351.7,650.0,251522.0
2020-12-27,1556.0,19150.0,58254606.0,47283.0,372.2,654.0,324596.0
2020-12-28,1641.0,20297.0,58254606.0,45081.0,375.4,664.0,324005.0
2020-12-29,1728.0,21678.0,58254606.0,80748.0,372.2,659.0,345801.0
2020-12-30,1854.0,22587.0,58254606.0,70067.0,390.1,697.0,368908.0
2020-12-31,1899.0,22595.0,58254606.0,52290.0,409.5,725.0,451469.0
2021-01-01,1940.0,22407.0,58254606.0,31561.0,389.9,720.0,362475.0
2021-01-02,2017.0,23418.0,58254606.0,59894.0,435.8,744.0,399347.0
2021-01-03,2181.0,24809.0,58254606.0,54701.0,421.3,716.0,397863.0
2021-01-04,2310.0,26473.0,58254606.0,75369.0,470.1,842.0,465626.0
2021-01-05,2378.0,26295.0,58254606.0,64510.0,526.4,893.0,454501.0
2021-01-06,2550.0,27540.0,58254606.0,56769.0,518.6,905.0,526485.0
2021-01-07,2654.0,28046.0,58254606.0,51379.0,557.3,966.0,564313.0
2021-01-08,2814.0,29137.0,58254606.0,46460.0,545.5,974.0,624927.0
2021-01-09,2860.0,29242.0,58254606.0,38729.0,577.0,996.0,507446.0
2021-01-10,2963.0,30557.0,58254606.0,35997.0,634.0,1072.0,427558.0
2021-01-11,3055.0,31815.0,58254606.0,56498.0,636.1,1084.0,560483.0
2021-01-12,3175.0,31940.0,58254606.0,48818.0,670.7,1189.0,535170.0
2021-01-13,3307.0,32425.0,58254606.0,44893.0,691.1,1170.0,566706.0
2021-01-14,3351.0,32637.0,58254606.0,41930.0,686.8,1165.0,617657.0
2021-01-15,3464.0,33065.0,58254606.0,39976.0,713.8,1193.0,559302.0
2021-01-16,3525.0,32615.0,58254606.0,30207.0,737.9,1262.0,427757.0
2021-01-17,3533.0,33038.0,58254606.0,28588.0,722.0,1263.0,388912.0
2021-01-18,3570.0,34030.0,58254606.0,44308.0,736.4,1265.0,574549.0
2021-01-19,3603.0,33735.0,58254606.0,39005.0,774.9,1359.0,544669.0
2021-01-20,3603.0,33573.0,58254606.0,34687.0,728.1,1282.0,589174.0
2021-01-21,3607.0,32963.0,58254606.0,31317.0,698.6,1224.0,615513.0
2021-01-22,3727.0,33082.0,58254606.0,29189.0,706.1,1213.0,596345.0
2021-01-23,3731.0,32272.0,58254606.0,21628.0,660.3,1161.0,416578.0
2021-01-24,3736.0,32568.0,58254606.0,17003.0,637.1,1118.0,383722.0
2021-01-25,3694.0,32597.0,58254606.0,29583.0,659.4,1180.0,570726.0
2021-01-26,3634.0,31975.0,58254606.0,26686.0,583.1,1051.0,567180.0
2021-01-27,3602.0,30498.0,58254606.0,25406.0,634.6,1137.0,730607.0
2021-01-28,3585.0,29979.0,58254606.0,23905.0,622.8,1131.0,726994.0
2021-01-29,3506.0,28989.0,58254606.0,21552.0,589.7,1053.0,624144.0
2021-01-30,3486.0,28194.0,58254606.0,16517.0,530.3,943.0,393359.0
2021-01-31,3366.0,27735.0,58254606.0,15242.0,515.0,921.0,554540.0
2021-02-01,3414.0,28168.0,58254606.0,22106.0,495.9,920.0,675790.0
2021-02-02,3324.0,27025.0,58254606.0,19556.0,465.0,886.0,590674.0
2021-02-03,3328.0,26058.0,58254606.0,19198.0,463.6,907.0,775440.0
2021-02-04,3275.0,25015.0,58254606.0,17788.0,391.2,784.0,750820.0
2021-02-05,3217.0,24095.0,58254606.0,15668.0,407.2,813.0,639745.0
2021-02-06,3099.0,22759.0,58254606.0,11854.0,383.8,735.0,416214.0
2021-02-07,3047.0,22714.0,58254606.0,11305.0,343.0,730.0,578905.0
2021-02-08,2980.0,22759.0,58254606.0,15572.0,374.1,756.0,665068.0
2021-02-09,2911.0,21835.0,58254606.0,13655.0,349.3,679.0,567297.0
2021-02-10,2872.0,20729.0,58254606.0,13352.0,310.5,698.0,754053.0
2021-02-11,2780.0,19793.0,58254606.0,12635.0,313.8,652.0,716393.0
2021-02-12,2688.0,18808.0,58254606.0,12064.0,280.5,595.0,603162.0
2021-02-13,2592.0,17512.0,58254606.0,8697.0,261.1,584.0,366432.0
2021-02-14,2611.0,17616.0,58254606.0,8688.0,251.7,597.0,394290.0
2021-02-15,2577.0,17544.0,58254606.0,14145.0,288.3,622.0,476403.0
2021-02-16,2484.0,16919.0,58254606.0,12375.0,257.1,574.0,477915.0
2021-02-17,2393.0,16303.0,58254606.0,11433.0,237.2,522.0,537429.0
2021-02-18,2316.0,15485.0,58254606.0,11324.0,226.9,518.0,533581.0
2021-02-19,2251.0,14858.0,58254606.0,10289.0,201.0,474.0,491753.0
2021-02-20,2142.0,14179.0,58254606.0,8008.0,203.1,455.0,367307.0
2021-02-21,2122.0,14003.0,58254606.0,7816.0,170.6,423.0,579073.0
2021-02-22,2072.0,13994.0,58254606.0,11164.0,162.0,385.0,704254.0
2021-02-23,1956.0,13372.0,58254606.0,9317.0,153.1,410.0,578700.0
2021-02-24,1931.0,12869.0,58254606.0,8473.0,141.9,380.0,723050.0
2021-02-25,1866.0,12306.0,58254606.0,7650.0,144.4,368.0,711993.0
2021-02-26,1808.0,11654.0,58254606.0,6514.0,119.3,306.0,585014.0
2021-02-27,1747.0,10989.0,58254606.0,4759.0,130.9,323.0,344655.0
2021-02-28,1630.0,10555.0,58254606.0,4680.0,113.8,325.0,533608.0
2021-03-01,1658.0,10658.0,58254606.0,6817.0,120.2,330.0,771772.0
2021-03-02,1556.0,10018.0,58254606.0,6586.0,91.1,271.0,685690.0
2021-03-03,1507.0,9494.0,58254606.0,5934.0,79.2,245.0,851766.0
2021-03-04,1454.0,8997.0,58254606.0,5681.0,84.5,267.0,999341.0
2021-03-05,1417.0,8501.0,58254606.0,5257.0,90.0,255.0,981927.0
2021-03-06,1326.0,7934.0,58254606.0,4457.0,88.1,245.0,420215.0
2021-03-07,1273.0,7735.0,58254606.0,4255.0,71.2,237.0,827418.0
2021-03-08,1236.0,7771.0,58254606.0,6598.0,68.6,225.0,1643487.0
2021-03-09,1187.0,7378.0,58254606.0,6172.0,70.8,220.0,1465354.0
2021-03-10,1137.0,6915.0,58254606.0,5980.0,61.0,214.0,1612133.0
2021-03-11,1101.0,6631.0,58254606.0,5711.0,68.1,221.0,1681785.0
2021-03-12,1023.0,6336.0,58254606.0,5548.0,44.3,177.0,1469047.0
2021-03-13,1000.0,6029.0,58254606.0,4217.0,61.8,187.0,414997.0
2021-03-14,963.0,5987.0,58254606.0,4277.0,47.2,157.0,1003852.0
2021-03-15,930.0,5928.0,58254606.0,6449.0,46.2,183.0,1696619.0
2021-03-16,882.0,5618.0,58254606.0,5632.0,46.4,159.0,1383368.0
2021-03-17,846.0,5350.0,58254606.0,5712.0,39.2,155.0,1708532.0
2021-03-18,797.0,5035.0,58254606.0,5418.0,30.6,117.0,1487366.0
2021-03-19,749.0,4794.0,58254606.0,4948.0,37.8,122.0,954419.0
2021-03-20,710.0,4551.0,58254606.0,4068.0,38.6,124.0,458149.0
2021-03-21,692.0,4455.0,58254606.0,5204.0,41.2,152.0,1983684.0
2021-03-22,676.0,4467.0,58254606.0,6161.0,34.9,134.0,1278459.0
2021-03-23,647.0,4211.0,58254606.0,5212.0,27.4,110.0,865949.0
2021-03-24,613.0,3975.0,58254606.0,5965.0,19.4,87.0,1904779.0
2021-03-25,566.0,3732.0,58254606.0,5344.0,21.9,111.0,1274745.0
2021-03-26,559.0,3680.0,58254606.0,4350.0,23.1,90.0,732180.0
2021-03-27,537.0,3646.0,58254606.0,3511.0,21.1,79.0,461820.0
2021-03-28,532.0,3412.0,58254606.0,4634.0,16.4,64.0,2338076.0
2021-03-29,532.0,3436.0,58254606.0,3922.0,17.8,97.0,553278.0
2021-03-30,518.0,3257.0,58254606.0,3560.0,25.0,74.0,578836.0
2021-03-31,501.0,3056.0,58254606.0,3728.0,19.9,88.0,1340934.0
2021-04-01,470.0,2900.0,58254606.0,3425.0,14.6,81.0,989039.0
2021-04-02,436.0,2758.0,58254606.0,2590.0,13.0,54.0,546094.0
2021-04-03,433.0,2657.0,58254606.0,2374.0,14.5,50.0,417047.0
2021-04-04,422.0,2644.0,58254606.0,2270.0,14.9,65.0,924440.0
2021-04-05,416.0,2652.0,58254606.0,2586.0,9.6,56.0,829519.0
2021-04-06,406.0,2565.0,58254606.0,3069.0,11.8,56.0,697132.0
2021-04-07,393.0,2463.0,58254606.0,3045.0,14.3,55.0,1120624.0
2021-04-08,377.0,2362.0,58254606.0,2936.0,17.6,68.0,966997.0
2021-04-09,362.0,2300.0,58254606.0,2731.0,10.8,51.0,700030.0
2021-04-10,342.0,2169.0,58254606.0,2217.0,9.7,49.0,487489.0
2021-04-11,343.0,2076.0,58254606.0,2235.0,8.6,47.0,1338843.0
2021-04-12,337.0,2088.0,58254606.0,2672.0,11.6,51.0,985965.0
2021-04-13,333.0,2037.0,58254606.0,2293.0,8.2,52.0,727595.0
2021-04-14,315.0,1957.0,58254606.0,2355.0,6.3,35.0,1263292.0
2021-04-15,294.0,1870.0,58254606.0,2161.0,12.299999999999999,50.0,1055520.0
2021-04-16,298.0,1832.0,58254606.0,2307.0,8.5,40.0,719958.0
2021-04-17,292.0,1723.0,58254606.0,1601.0,10.2,45.0,515272.0
2021-04-18,283.0,1679.0,58254606.0,2398.0,8.0,38.0,1844415.0
2021-04-19,291.0,1720.0,58254606.0,2553.0,6.3,33.0,1150621.0
2021-04-20,273.0,1638.0,58254606.0,2339.0,6.4,48.0,768542.0
2021-04-21,249.0,1598.0,58254606.0,2505.0,11.899999999999999,34.0,1487751.0
2021-04-22,237.0,1512.0,58254606.0,2227.0,8.9,42.0,1159331.0
2021-04-23,221.0,1467.0,58254606.0,1862.0,7.2,31.0,739874.0
2021-04-24,220.0,1390.0,58254606.0,1438.0,5.1,24.0,510659.0
2021-04-25,211.0,1366.0,58254606.0,1970.0,10.4,31.0,1613209.0
2021-04-26,208.0,1383.0,58254606.0,2416.0,3.9,28.0,1145162.0
2021-04-27,196.0,1300.0,58254606.0,2028.0,6.5,33.0,772610.0
2021-04-28,188.0,1269.0,58254606.0,2332.0,9.3,28.0,1463139.0
2021-04-29,178.0,1229.0,58254606.0,2018.0,6.0,19.0,1110954.0
2021-04-30,170.0,1154.0,58254606.0,1673.0,4.4,23.0,677398.0
2021-05-01,167.0,1064.0,58254606.0,1328.0,3.4,20.0,494540.0
2021-05-02,172.0,1075.0,58254606.0,1414.0,6.699999999999999,23.0,950001.0
2021-05-03,168.0,1090.0,58254606.0,1953.0,5.0,23.0,1214091.0
2021-05-04,162.0,1087.0,58254606.0,2364.0,5.2,19.0,941413.0
2021-05-05,161.0,1025.0,58254606.0,2362.0,5.3,28.0,1305787.0
2021-05-06,144.0,969.0,58254606.0,2150.0,5.199999999999999,15.0,1087004.0
2021-05-07,145.0,964.0,58254606.0,1855.0,3.5,21.0,723496.0
2021-05-08,135.0,940.0,58254606.0,1496.0,3.4000000000000004,23.0,492697.0
2021-05-09,131.0,925.0,58254606.0,2155.0,4.0,15.0,1459689.0
2021-05-10,135.0,937.0,58254606.0,2631.0,3.6,17.0,1061179.0
2021-05-11,126.0,916.0,58254606.0,2168.0,6.9,25.0,744009.0
2021-05-12,123.0,902.0,58254606.0,2207.0,3.4,18.0,1274926.0
2021-05-13,119.0,839.0,58254606.0,2076.0,3.5,18.0,1041068.0
2021-05-14,115.0,813.0,58254606.0,1831.0,0.3,9.0,706310.0
2021-05-15,115.0,805.0,58254606.0,1563.0,2.7,15.0,485568.0
2021-05-16,116.0,796.0,58254606.0,1835.0,3.1,15.0,1281281.0
2021-05-17,117.0,793.0,58254606.0,2738.0,5.8,16.0,1077777.0
2021-05-18,114.0,749.0,58254606.0,2683.0,3.1,13.0,778780.0
2021-05-19,113.0,756.0,58254606.0,2690.0,1.2000000000000002,6.0,1281459.0
2021-05-20,115.0,748.0,58254606.0,2407.0,2.7,8.0,1042854.0
2021-05-21,117.0,765.0,58254606.0,2266.0,3.1,22.0,752425.0
2021-05-22,113.0,728.0,58254606.0,1907.0,2.0,8.0,532578.0
2021-05-23,111.0,755.0,58254606.0,2220.0,3.7,15.0,1299631.0
2021-05-24,113.0,795.0,58254606.0,3210.0,3.2,15.0,1063085.0
2021-05-25,117.0,763.0,58254606.0,3273.0,1.5,8.0,820212.0
2021-05-26,115.0,742.0,58254606.0,3757.0,4.9,17.0,1253414.0
2021-05-27,110.0,739.0,58254606.0,3594.0,3.3000000000000003,16.0,1047321.0
2021-05-28,116.0,740.0,58254606.0,3450.0,4.9,18.0,731048.0
2021-05-29,112.0,747.0,58254606.0,2901.0,3.1,11.0,526408.0
2021-05-30,115.0,754.0,58254606.0,3062.0,3.2,14.0,694034.0
2021-05-31,110.0,772.0,58254606.0,3745.0,3.5,13.0,703672.0
2021-06-01,123.0,775.0,58254606.0,5165.0,1.5,10.0,759127.0
2021-06-02,116.0,800.0,58254606.0,5986.0,3.6,12.0,937572.0
2021-06-03,124.0,778.0,58254606.0,6025.0,5.4,13.0,867540.0
2021-06-04,119.0,801.0,58254606.0,5660.0,5.3999999999999995,15.0,716933.0
2021-06-05,124.0,778.0,58254606.0,4593.0,1.7999999999999998,10.0,528015.0
2021-06-06,131.0,803.0,58254606.0,5369.0,2.1,12.0,1357805.0
2021-06-07,133.0,856.0,58254606.0,7651.0,2.0,7.0,1059032.0
2021-06-08,140.0,876.0,58254606.0,7613.0,4.8,14.0,779781.0
2021-06-09,141.0,873.0,58254606.0,7947.0,2.5,15.0,1178253.0
2021-06-10,140.0,903.0,58254606.0,7748.0,6.8,15.0,1019267.0
2021-06-11,146.0,882.0,58254606.0,7376.0,3.0,14.0,792617.0
2021-06-12,152.0,913.0,58254606.0,6067.0,6.2,17.0,575120.0
2021-06-13,171.0,945.0,58254606.0,6906.0,4.6,12.0,1181310.0
2021-06-14,170.0,991.0,58254606.0,10024.0,8.3,12.0,1067044.0
2021-06-15,187.0,1028.0,58254606.0,10388.0,8.2,18.0,838671.0
2021-06-16,192.0,1055.0,58254606.0,10673.0,4.5,18.0,1204751.0
2021-06-17,197.0,1120.0,58254606.0,10658.0,2.6,10.0,1097859.0
2021-06-18,210.0,1168.0,58254606.0,9957.0,9.4,17.0,831466.0
2021-06-19,203.0,1142.0,58254606.0,8180.0,12.9,22.0,631607.0
2021-06-20,196.0,1167.0,58254606.0,9792.0,15.5,22.0,1276261.0
2021-06-21,212.0,1288.0,58254606.0,15782.0,12.7,16.0,1156573.0
2021-06-22,229.0,1299.0,58254606.0,16886.0,7.6000000000000005,14.0,894691.0
2021-06-23,227.0,1255.0,58254606.0,17775.0,4.0,6.0,1262619.0
2021-06-24,240.0,1272.0,58254606.0,18130.0,9.4,25.0,1132514.0
2021-06-25,238.0,1282.0,58254606.0,17616.0,11.6,25.0,896067.0
2021-06-26,236.0,1275.0,58254606.0,15861.0,9.1,13.0,665025.0
2021-06-27,244.0,1327.0,58254606.0,18014.0,9.4,22.0,1337122.0
2021-06-28,272.0,1459.0,58254606.0,27559.0,4.5,13.0,1234577.0
2021-06-29,259.0,1437.0,58254606.0,27370.0,13.1,23.0,970936.0
2021-06-30,264.0,1492.0,58254606.0,28146.0,10.2,28.0,1371417.0
2021-07-01,279.0,1552.0,58254606.0,27900.0,11.9,26.0,1201927.0
2021-07-02,297.0,1603.0,58254606.0,25603.0,13.5,31.0,941551.0
2021-07-03,296.0,1625.0,58254606.0,23412.0,13.7,29.0,737254.0
2021-07-04,305.0,1734.0,58254606.0,24492.0,13.4,26.0,1375849.0
2021-07-05,330.0,1876.0,58254606.0,33936.0,15.1,26.0,1330992.0
2021-07-06,353.0,1990.0,58254606.0,35115.0,16.8,24.0,1075873.0
2021-07-07,377.0,2136.0,58254606.0,37567.0,14.6,31.0,1353018.0
2021-07-08,376.0,2203.0,58254606.0,33068.0,17.2,35.0,1189089.0
2021-07-09,393.0,2342.0,58254606.0,31975.0,20.9,41.0,997431.0
2021-07-10,398.0,2419.0,58254606.0,27656.0,19.2,35.0,823647.0
2021-07-11,408.0,2554.0,58254606.0,29848.0,17.8,30.0,1250857.0
2021-07-12,433.0,2787.0,58254606.0,43351.0,21.9,37.0,1261382.0
2021-07-13,470.0,2959.0,58254606.0,46323.0,28.0,43.0,1039943.0
2021-07-14,489.0,3100.0,58254606.0,53352.0,19.5,38.0,1347348.0
2021-07-15,493.0,3229.0,58254606.0,60233.0,26.7,51.0,1292148.0
2021-07-16,512.0,3353.0,58254606.0,53870.0,22.6,45.0,1073487.0
2021-07-17,514.0,3431.0,58254606.0,37599.0,28.6,49.0,870213.0
2021-07-18,512.0,3531.0,58254606.0,35289.0,31.3,67.0,1196221.0
2021-07-19,543.0,3798.0,58254606.0,46587.0,45.7,76.0,1246494.0
2021-07-20,544.0,3878.0,58254606.0,38728.0,28.8,53.0,1004503.0
2021-07-21,567.0,4047.0,58254606.0,34551.0,26.0,51.0,1163614.0
2021-07-22,612.0,4212.0,58254606.0,30461.0,37.1,75.0,1125815.0
2021-07-23,625.0,4387.0,58254606.0,26997.0,39.3,73.0,1043716.0
2021-07-24,659.0,4458.0,58254606.0,22258.0,38.0,68.0,842932.0
2021-07-25,675.0,4706.0,58254606.0,21560.0,34.2,68.0,895017.0
2021-07-26,712.0,5036.0,58254606.0,29104.0,32.4,69.0,976348.0
2021-07-27,738.0,5141.0,58254606.0,28709.0,35.3,62.0,909465.0
2021-07-28,748.0,5158.0,58254606.0,29346.0,42.4,73.0,1002228.0
2021-07-29,765.0,5037.0,58254606.0,27615.0,37.2,79.0,961587.0
2021-07-30,785.0,5095.0,58254606.0,23995.0,53.1,97.0,941798.0
2021-07-31,789.0,5040.0,58254606.0,19940.0,43.8,85.0,753104.0
2021-08-01,769.0,5073.0,58254606.0,20258.0,39.6,85.0,761653.0
2021-08-02,791.0,5292.0,58254606.0,28980.0,45.7,75.0,891147.0
2021-08-03,780.0,5105.0,58254606.0,29487.0,37.9,76.0,827300.0
2021-08-04,772.0,4934.0,58254606.0,31338.0,42.2,87.0,939857.0
2021-08-05,770.0,4884.0,58254606.0,30719.0,56.3,96.0,920624.0
2021-08-06,765.0,4870.0,58254606.0,27240.0,51.8,85.0,881526.0
2021-08-07,760.0,4804.0,58254606.0,21889.0,49.4,95.0,749909.0
2021-08-08,765.0,4926.0,58254606.0,22224.0,39.7,78.0,791576.0
2021-08-09,762.0,5084.0,58254606.0,31207.0,42.7,81.0,891904.0
2021-08-10,782.0,5085.0,58254606.0,30612.0,40.3,77.0,874257.0
2021-08-11,777.0,5059.0,58254606.0,32396.0,45.0,89.0,943458.0
2021-08-12,783.0,5015.0,58254606.0,30752.0,55.1,100.0,918774.0
2021-08-13,793.0,5062.0,58254606.0,28088.0,51.9,100.0,882141.0
2021-08-14,797.0,4961.0,58254606.0,24370.0,45.7,92.0,707352.0
2021-08-15,800.0,5103.0,58254606.0,24646.0,43.7,84.0,756123.0
2021-08-16,816.0,5418.0,58254606.0,35798.0,43.4,83.0,859175.0
2021-08-17,825.0,5431.0,58254606.0,36799.0,60.6,103.0,848529.0
2021-08-18,812.0,5507.0,58254606.0,37582.0,51.1,95.0,900787.0
2021-08-19,835.0,5545.0,58254606.0,35423.0,51.4,110.0,913924.0
2021-08-20,857.0,5563.0,58254606.0,31329.0,62.8,115.0,852319.0
2021-08-21,858.0,5561.0,58254606.0,27788.0,54.8,109.0,725851.0
2021-08-22,863.0,5733.0,58254606.0,28042.0,62.8,128.0,766179.0
2021-08-23,845.0,5984.0,58254606.0,38657.0,53.3,108.0,897085.0
2021-08-24,857.0,5895.0,58254606.0,36668.0,60.300000000000004,121.0,855752.0
2021-08-25,871.0,5909.0,58254606.0,37737.0,50.1,105.0,1012129.0
2021-08-26,872.0,5879.0,58254606.0,36635.0,61.9,119.0,1033634.0
2021-08-27,874.0,5877.0,58254606.0,32865.0,61.6,124.0,975852.0
2021-08-28,835.0,5741.0,58254606.0,26962.0,67.7,118.0,803717.0
2021-08-29,850.0,5840.0,58254606.0,25519.0,65.1,122.0,784199.0
2021-08-30,859.0,5984.0,58254606.0,33901.0,54.0,112.0,816986.0
2021-08-31,879.0,6271.0,58254606.0,44145.0,60.0,110.0,1091530.0
2021-09-01,890.0,6212.0,58254606.0,42501.0,57.9,116.0,1208506.0
2021-09-02,897.0,6164.0,58254606.0,41284.0,60.1,115.0,1337367.0
2021-09-03,889.0,6178.0,58254606.0,37722.0,66.9,141.0,1405747.0
2021-09-04,880.0,6026.0,58254606.0,31127.0,67.3,127.0,828209.0
2021-09-05,878.0,6153.0,58254606.0,31080.0,79.7,134.0,1117832.0
2021-09-06,909.0,6360.0,58254606.0,43830.0,75.0,136.0,1642281.0
2021-09-07,885.0,6229.0,58254606.0,37777.0,77.8,143.0,1369531.0
2021-09-08,896.0,6286.0,58254606.0,34960.0,76.2,129.0,1398597.0
2021-09-09,887.0,6239.0,58254606.0,33162.0,78.0,154.0,1359462.0
2021-09-10,898.0,6384.0,58254606.0,28495.0,76.3,139.0,1224195.0
2021-09-11,865.0,6191.0,58254606.0,23046.0,74.6,126.0,799089.0
2021-09-12,884.0,6239.0,58254606.0,23495.0,64.4,125.0,1180200.0
2021-09-13,886.0,6416.0,58254606.0,33845.0,54.1,91.0,1247907.0
2021-09-14,888.0,6337.0,58254606.0,30674.0,77.1,138.0,1019331.0
2021-09-15,910.0,6299.0,58254606.0,29713.0,63.8,131.0,1265498.0
2021-09-16,849.0,6073.0,58254606.0,28948.0,74.4,134.0,1126908.0
2021-09-17,844.0,5902.0,58254606.0,28841.0,84.1,158.0,973924.0
2021-09-18,829.0,5680.0,58254606.0,26145.0,64.0,123.0,790871.0
2021-09-19,824.0,5688.0,58254606.0,30354.0,71.0,108.0,1275298.0
2021-09-20,811.0,5720.0,58254606.0,39849.0,68.7,126.0,1185319.0
2021-09-21,774.0,5535.0,58254606.0,38043.0,61.3,112.0,1004504.0
2021-09-22,783.0,5401.0,58254606.0,35926.0,83.3,128.0,1209090.0
2021-09-23,757.0,5208.0,58254606.0,34994.0,66.8,120.0,1158593.0
2021-09-24,730.0,5028.0,58254606.0,31405.0,64.9,117.0,1016616.0
2021-09-25,723.0,5092.0,58254606.0,27974.0,63.9,107.0,841065.0
2021-09-26,689.0,4942.0,58254606.0,31377.0,53.8,90.0,1239667.0
2021-09-27,685.0,5115.0,58254606.0,40685.0,49.2,98.0,1213080.0
2021-09-28,681.0,5117.0,58254606.0,35702.0,54.0,101.0,1003331.0
2021-09-29,671.0,5009.0,58254606.0,34054.0,62.0,108.0,1237967.0
2021-09-30,672.0,4907.0,58254606.0,31842.0,51.8,118.0,1133117.0
2021-10-01,671.0,4792.0,58254606.0,28448.0,65.6,121.0,967941.0
2021-10-02,630.0,4640.0,58254606.0,25711.0,56.7,94.0,793701.0
2021-10-03,639.0,4765.0,58254606.0,31300.0,47.4,93.0,1132009.0
2021-10-04,632.0,4896.0,58254606.0,42816.0,56.1,104.0,1125907.0
2021-10-05,661.0,4991.0,58254606.0,38400.0,63.7,112.0,991674.0
2021-10-06,663.0,4993.0,58254606.0,38372.0,52.3,102.0,1179249.0
2021-10-07,665.0,4944.0,58254606.0,37639.0,63.6,113.0,1081745.0
2021-10-08,647.0,4957.0,58254606.0,34781.0,57.4,116.0,968929.0
2021-10-09,639.0,4909.0,58254606.0,31523.0,57.8,117.0,794153.0
2021-10-10,622.0,5063.0,58254606.0,35632.0,43.6,102.0,1079451.0
2021-10-11,621.0,5193.0,58254606.0,49173.0,65.0,115.0,1135674.0
2021-10-12,657.0,5200.0,58254606.0,47214.0,55.8,119.0,1017688.0
2021-10-13,657.0,5232.0,58254606.0,46697.0,66.6,115.0,1187828.0
2021-10-14,655.0,5272.0,58254606.0,45308.0,78.0,139.0,1096389.0
2021-10-15,673.0,5346.0,58254606.0,42577.0,74.0,127.0,1007411.0
2021-10-16,681.0,5370.0,58254606.0,37024.0,66.2,130.0,847765.0
2021-10-17,695.0,5607.0,58254606.0,42654.0,68.5,135.0,1105987.0
2021-10-18,703.0,5922.0,58254606.0,56336.0,70.5,112.0,1113501.0
2021-10-19,733.0,6088.0,58254606.0,51203.0,66.0,128.0,1029918.0
2021-10-20,746.0,6288.0,58254606.0,50433.0,83.0,150.0,1253935.0
2021-10-21,750.0,6356.0,58254606.0,44066.0,73.3,135.0,1114915.0
2021-10-22,746.0,6394.0,58254606.0,39670.0,64.3,128.0,1014965.0
2021-10-23,728.0,6371.0,58254606.0,34273.0,93.5,151.0,810207.0
2021-10-24,745.0,6501.0,58254606.0,34862.0,79.2,141.0,926137.0
2021-10-25,776.0,6786.0,58254606.0,46298.0,69.5,135.0,982281.0
2021-10-26,803.0,6869.0,58254606.0,41119.0,86.2,150.0,935813.0
2021-10-27,799.0,6936.0,58254606.0,41949.0,81.9,163.0,1009445.0
2021-10-28,794.0,7007.0,58254606.0,40329.0,106.2,172.0,947244.0
2021-10-29,809.0,7099.0,58254606.0,39252.0,93.9,145.0,920652.0
2021-10-30,812.0,7138.0,58254606.0,32772.0,91.3,151.0,772350.0
2021-10-31,815.0,7293.0,58254606.0,33903.0,98.6,173.0,1082630.0
2021-11-01,859.0,7516.0,58254606.0,43950.0,90.4,161.0,1102567.0
2021-11-02,859.0,7491.0,58254606.0,36889.0,81.5,144.0,967021.0
2021-11-03,854.0,7270.0,58254606.0,34766.0,84.1,148.0,1079451.0
2021-11-04,867.0,7180.0,58254606.0,32095.0,84.3,142.0,987371.0
2021-11-05,860.0,7053.0,58254606.0,29538.0,75.0,156.0,875424.0
2021-11-06,856.0,6854.0,58254606.0,26764.0,93.3,153.0,712192.0
2021-11-07,846.0,6892.0,58254606.0,29803.0,80.7,146.0,948319.0
2021-11-08,869.0,7055.0,58254606.0,43015.0,84.7,148.0,1054404.0
2021-11-09,865.0,7031.0,58254606.0,41209.0,75.0,149.0,915844.0
2021-11-10,846.0,6940.0,58254606.0,41833.0,81.1,151.0,1095243.0
2021-11-11,842.0,6841.0,58254606.0,39978.0,72.4,151.0,1026340.0
2021-11-12,838.0,6758.0,58254606.0,36771.0,73.0,138.0,892462.0
2021-11-13,830.0,6625.0,58254606.0,32129.0,68.9,135.0,736811.0
2021-11-14,841.0,6693.0,58254606.0,34620.0,69.1,133.0,997377.0
2021-11-15,821.0,6855.0,58254606.0,49695.0,97.3,167.0,1059039.0
2021-11-16,796.0,6612.0,58254606.0,45193.0,84.7,163.0,904488.0
2021-11-17,792.0,6400.0,58254606.0,44785.0,70.9,120.0,1131370.0
2021-11-18,779.0,6324.0,58254606.0,42961.0,74.5,136.0,1039042.0
2021-11-19,769.0,6298.0,58254606.0,38658.0,61.5,128.0,921519.0
2021-11-20,764.0,6174.0,58254606.0,34388.0,73.6,131.0,796742.0
2021-11-21,776.0,6308.0,58254606.0,36328.0,60.7,112.0,1075727.0
2021-11-22,785.0,6409.0,58254606.0,49454.0,62.3,113.0,1115556.0
2021-11-23,780.0,6239.0,58254606.0,47030.0,84.7,147.0,996562.0
2021-11-24,783.0,6044.0,58254606.0,45559.0,52.2,135.0,1179292.0
2021-11-25,790.0,6047.0,58254606.0,42268.0,70.8,138.0,1091618.0
2021-11-26,796.0,5973.0,58254606.0,38330.0,73.3,130.0,939020.0
2021-11-27,787.0,5829.0,58254606.0,32437.0,61.1,109.0,799295.0
2021-11-28,793.0,5867.0,58254606.0,38676.0,61.3,116.0,1090927.0
2021-11-29,793.0,6071.0,58254606.0,54732.0,68.6,137.0,1167595.0
2021-11-30,806.0,6101.0,58254606.0,54171.0,45.7,116.0,1133095.0
2021-12-01,773.0,5807.0,58254606.0,53250.0,69.6,134.0,1311501.0
2021-12-02,774.0,5887.0,58254606.0,48863.0,59.7,117.0,1232783.0
2021-12-03,783.0,5819.0,58254606.0,44232.0,68.9,138.0,1149393.0
2021-12-04,775.0,5745.0,58254606.0,37553.0,67.1,154.0,943320.0
2021-12-05,770.0,5864.0,58254606.0,39675.0,54.4,122.0,1218236.0
2021-12-06,793.0,5955.0,58254606.0,57459.0,70.6,141.0,1268149.0
2021-12-07,779.0,5985.0,58254606.0,53940.0,61.5,133.0,1157532.0
2021-12-08,778.0,6014.0,58254606.0,56210.0,57.1,130.0,1365716.0
2021-12-09,792.0,6090.0,58254606.0,54415.0,60.4,123.0,1377923.0
2021-12-10,793.0,6048.0,58254606.0,49986.0,53.3,113.0,1262319.0
2021-12-11,785.0,6051.0,58254606.0,46033.0,46.9,111.0,1038151.0
2021-12-12,788.0,6186.0,58254606.0,50197.0,67.6,135.0,1334619.0
2021-12-13,795.0,6353.0,58254606.0,81153.0,50.5,107.0,1475216.0
2021-12-14,795.0,6396.0,58254606.0,94281.0,70.3,138.0,1411074.0
2021-12-15,786.0,6320.0,58254606.0,102672.0,58.0,118.0,1728868.0
2021-12-16,783.0,6361.0,58254606.0,96308.0,45.8,110.0,1712203.0
2021-12-17,789.0,6281.0,58254606.0,86885.0,66.1,124.0,1639438.0
2021-12-18,767.0,6236.0,58254606.0,80752.0,56.1,111.0,1490569.0
2021-12-19,767.0,6391.0,58254606.0,80869.0,47.5,102.0,1509587.0
2021-12-20,768.0,6643.0,58254606.0,120609.0,59.1,117.0,1625189.0
2021-12-21,757.0,6849.0,58254606.0,134458.0,46.9,98.0,1559118.0
2021-12-22,745.0,7027.0,58254606.0,144367.0,56.3,129.0,1708316.0
2021-12-23,747.0,7053.0,58254606.0,143338.0,51.8,113.0,1628896.0
2021-12-24,742.0,7296.0,58254606.0,121953.0,51.5,103.0,1618138.0
2021-12-25,745.0,7104.0,58254606.0,63610.0,36.6,92.0,1226890.0
2021-12-26,758.0,7468.0,58254606.0,103529.0,43.2,91.0,1274432.0
2021-12-27,776.0,8431.0,58254606.0,168903.0,49.4,102.0,1244204.0
2021-12-28,758.0,9464.0,58254606.0,174905.0,60.6,117.0,0.0
